Distance_Downstream,Day,Nitrate_Concentration,Flow_Rate,Temperature,pH,is_safe,Anomaly
0.0,1,6.149014245931146,1.725886339184983,18.415693284399033,7.1523029856408025,0,0
20.2020202020202,1,11.212567101637987,1.7338275536250065,18.88145542310238,7.090201309825252,0,1
40.4040404040404,1,5.522642597163704,1.8286058479606262,17.860140168942454,6.980281694474228,0,0
60.6060606060606,1,5.57496129857309,1.5996826019331074,17.229390099092168,6.98390101838044,0,0
80.8080808080808,1,5.041994267947979,1.8386211361672438,17.63783697758808,6.911992595542106,0,0
101.01010101010101,1,5.633462249378074,1.800303123612941,18.125613117692648,6.923600083248701,0,0
121.2121212121212,1,4.882703744679333,1.8491303366239988,17.516352226637533,7.116197124264233,1,0
141.4141414141414,1,4.72228412828559,1.8234742591421598,17.790995709233986,7.27605114604306,1,0
161.6161616161616,1,4.758979347048161,1.7609024900414363,18.50312147140028,6.980523268218892,1,0
181.8181818181818,1,4.690250601645445,1.6841380111255442,17.42775599089947,7.133612944968705,1,0
202.02020202020202,1,4.717688409936659,1.9100528603075597,18.034024874154564,7.094619212975375,1,0
222.2222222222222,1,3.925308051566052,1.8331012771691788,17.86152962986879,7.240679170688994,1,0
242.4242424242424,1,4.349429133369397,1.7402901413251248,18.25389100004608,7.10608428425426,1,0
262.6262626262626,1,3.927059323714443,1.9885902527831105,18.607348776596663,7.246690654725757,1,0
282.8282828282828,1,3.7718330796547983,1.9066321866150586,18.257480731050467,7.259391190989745,1,0
303.030303030303,1,3.7893119390241874,1.9284041239537222,17.53868152834567,7.049756450312529,1,0
323.2323232323232,1,4.112699271339414,2.0912810486390576,18.05584395455852,7.276503055359573,1,0
343.4343434343434,1,3.9543354262166406,1.899088341704925,18.272546818102892,7.335927593232334,1,0
363.6363636363636,1,3.8697286936416733,2.1272512358327225,16.781976463303813,7.269462795458379,1,0
383.83838383838383,1,4.012378823764915,1.947304239638219,18.137729403616436,6.992815360921293,1,0
404.04040404040404,1,4.099287432459733,2.018555411573625,18.830796037719445,7.143176546389823,1,0
424.2424242424242,1,4.157049980063028,1.9375195004734225,18.549550074199722,7.230426049437986,1,0
444.4444444444444,1,4.4898245728814565,2.04307695102749,18.140387790022707,7.296067315042866,1,0
464.6464646464646,1,4.643806282570952,1.9622363295786234,17.895794938782608,7.053600218043256,1,0
484.8484848484848,1,5.044965256176098,2.023552432943452,18.094405743669917,7.176335521007156,0,0
505.050505050505,1,4.486427703378761,1.9570147700565501,17.9204917570853,7.1185033673776035,1,0
525.2525252525252,1,4.661234750413679,2.040302155239839,19.03494196595395,7.214224893188262,1,0
545.4545454545454,1,4.456516241912544,1.9924542810124066,17.132463407699166,7.191259802291543,1,0
565.6565656565656,1,3.991960835029635,2.2454089197305076,17.995668532958124,7.220331008140103,1,0
585.8585858585858,1,3.5447182098815717,1.8805881024063928,18.663260422606196,7.260772597651354,1,0
606.060606060606,1,3.4109759440424328,1.9040763788046966,18.793246170816737,7.039955982961363,1,0
626.2626262626262,1,3.034665882084652,2.210811909411849,17.59658085278334,7.117256536748117,1,0
646.4646464646464,1,2.6466972936565734,1.9373673112605767,17.31651729981562,7.173699606002888,1,0
666.6666666666666,1,2.120589774901146,2.0302265699422684,17.632136898231785,7.314037451906365,1,0
686.8686868686868,1,2.074978248712841,1.945025458312941,18.49860762403352,7.027437340702081,1,0
707.070707070707,1,2.28080058591858,2.1015312002449025,17.28810739806807,7.159784599197364,1,0
727.2727272727273,1,2.2123202499629704,2.0418160291681438,17.473373659909644,6.9994323880281275,1,0
747.4747474747475,1,2.2235005342523215,1.9853922536317548,18.217095440521625,7.155683720052531,1,0
767.6767676767677,1,1.8014049256228992,1.9702353875938967,18.238385251998025,7.038615941208889,1,0
787.8787878787879,1,2.5070967021888064,1.9849799029958153,17.496197266747362,7.164219769381168,1,0
808.0808080808081,1,1.5992240842102814,2.006177390932369,18.671146804852388,7.00456271255242,1,0
828.2828282828282,1,2.1267242599422613,1.9579216005840792,18.502879095345932,7.263984082936925,1,0
848.4848484848484,1,1.7117866646832531,1.8297643964179353,17.647091800535925,6.980060775001472,1,0
868.6868686868686,1,1.7114743949159474,1.9270864229396059,18.230194415013695,7.131417726701065,1,0
888.8888888888888,1,1.689158318898609,2.0255164128329666,17.959520598729707,7.307553163764485,1,0
909.090909090909,1,1.8250160743333952,1.7810185025921372,17.55640276631813,7.0704592491491445,1,0
929.2929292929292,1,1.5236993149521165,1.9241069534823354,18.328467827635457,7.001504190485038,1,0
949.4949494949494,1,1.2914474070068431,1.6866191165176736,17.868591539315176,7.080962203719456,1,0
969.6969696969696,1,1.565748357371385,1.6983750211653685,18.178439478274278,7.020410508566202,1,0
989.8989898989898,1,1.1936484222719563,1.8226393316876972,18.120953374571684,6.854220330129552,1,0
1010.10101010101,1,1.524642406031816,1.847161655090496,18.633374636936324,7.060678864339824,1,0
1030.3030303030303,1,0.963686490455485,1.6806419550713487,18.349366648953016,6.993661183347134,1,0
1050.5050505050503,1,1.4923296837296396,2.1425909314601133,18.37729427069527,7.043084712765342,1,0
1070.7070707070707,1,1.5859583293453285,1.8049302201990687,17.934214393028512,6.992990078168195,1,0
1090.9090909090908,1,1.0309353034544317,1.6981911445983295,17.849167241434134,6.913221391774185,1,0
1111.111111111111,1,1.9212573517892202,1.5168662408072362,18.43497911053594,6.732133690687605,1,0
1131.3131313131312,1,1.0503790600163354,1.7938752573411008,18.123989024896417,6.77448529080265,1,0
1151.5151515151515,1,0.9434591977317068,1.7340254735228529,17.726665699490116,6.8932938314343195,1,0
1171.7171717171716,1,1.1387781623271074,1.5817201017244442,19.163821060011347,6.925009894647404,1,0
1191.919191919192,1,0.48555730925449214,1.6461002585984774,17.76095578296449,6.937458627505545,1,0
1212.121212121212,1,0.8242479248039032,1.5963478336333246,18.344342654838915,6.930058018886172,1,0
1232.3232323232323,1,0.6717046063175007,1.5545620116937238,17.854376359768207,6.770126270995167,1,0
1252.5252525252524,1,1.5320841122008368,1.60855730479577,17.461407038181164,6.9199679424939315,1,0
1272.7272727272727,1,1.610619456510399,1.6512415676750187,17.33216403237168,6.773259741246346,1,0
1292.9292929292928,1,1.3265742281585102,1.4570856623800248,18.3137587294218,6.893456259793035,1,0
1313.131313131313,1,0.6426111010248698,1.501712177835456,16.47121534531415,6.708697895346264,1,0
1333.3333333333333,1,0.8231769196112599,1.3626859889059304,18.908054667314502,6.664122438818181,1,0
1353.5353535353534,1,0.7562768552715589,1.4803584200571593,18.812485659881744,6.660424522996697,1,0
1373.7373737373737,1,1.253858215697818,1.448181124227623,17.60109468982471,6.8479836607434645,1,0
1393.9393939393938,1,1.0369256705993533,1.3670958386196512,18.126750057843694,6.761903084717981,1,0
1414.141414141414,1,1.1732220941925402,1.4734092654652833,18.884857423421362,6.676218650547393,1,0
1434.3434343434342,1,2.0464197629723904,1.1922175700815527,18.015956467830893,6.859304270458836,1,0
1454.5454545454545,1,1.8277100078403596,1.3055703000345666,17.987787890170047,6.752549257932981,1,0
1474.7474747474746,1,1.8733528663650354,1.4334300833544493,18.27035675833121,6.734833404667367,1,0
1494.949494949495,1,2.4712592823349304,1.3600767846078137,18.498280074768164,6.870250159818704,1,0
1515.151515151515,1,1.8728305533789684,1.2544842384597736,18.465495817910316,6.872360774854147,1,0
1535.3535353535353,1,1.8312070632019755,1.3036999010515715,18.7306814632429,6.75705834614833,1,0
1555.5555555555554,1,1.623448614538829,1.2535522823146614,17.983008413735075,6.931817996886165,1,0
1575.7575757575758,1,1.3553173986494753,1.3372961606466316,18.74458841892585,6.8305726619656655,1,0
1595.9595959595958,1,1.0561602286455851,1.2074905328443757,18.253932191592906,6.822767468724947,1,0
1616.1616161616162,1,0.7263190118861865,1.2810317315586162,17.68273867373195,7.053074394596648,1,0
1636.3636363636363,1,0.3139003044924151,1.0835505477215914,18.67090445209872,6.931763717732511,1,0
1656.5656565656564,1,0.7612155541544187,1.251738907845403,18.08572562892523,6.772301964034142,1,0
1676.7676767676767,1,0.5724658252558626,1.105630924032281,18.57940888205756,6.8573770417116595,1,0
1696.9696969696968,1,0.284261941781184,1.126184433193245,18.298314742486497,6.8263455483501545,1,0
1717.171717171717,1,0.26961165149641547,1.1682253678608296,18.214332300903045,6.843190545787383,1,0
1737.3737373737372,1,5.907994343722911,1.153176589920469,17.367806844600025,6.76478636245138,1,1
1757.5757575757575,1,0.2716778606091964,1.0953458146803476,18.24730279814769,7.065144455528783,1,0
1777.7777777777776,1,0.7306468291283447,1.0880412729276634,18.082340911397342,6.829805468107648,1,0
1797.979797979798,1,0.45432912064916986,1.063160177475521,18.25320829551773,6.860101924199573,1,0
1818.181818181818,1,0.602604440843523,1.2339567694836788,18.037468941120256,6.996021977298882,1,0
1838.3838383838383,1,0.6411333001607614,1.029902104224629,18.203895256253894,6.970335958735443,1,0
1858.5858585858584,1,0.45104412966277563,0.9827662805317127,18.104104102478157,7.032242635697366,1,0
1878.7878787878788,1,0.8450868732818861,1.146755535585323,19.168440244104463,6.919153724453743,1,0
1898.9898989898988,1,0.6597837726242173,1.0606570143397933,19.18675048195752,6.928522963775613,1,0
1919.1919191919192,1,0.13484641028374744,0.9746249601924818,17.029901153193784,6.970199205772376,1,0
1939.3939393939393,1,0.1480207035227875,1.0426047286059348,18.262727003237266,7.223710470393571,1,0
1959.5959595959594,1,0.6501981856168335,0.9636472478782095,17.642641679674508,7.098440371868638,1,0
1979.7979797979797,1,-0.04138430654111269,1.1990370570933855,18.68156907570933,7.015262715920997,1,0
2000.0,1,-0.1693446431215591,1.1466221785839927,18.034579092722378,7.19861187731159,1,0
0.0,2,5.521671702389466,1.8607979901085712,19.862311356675658,7.004698059376474,0,0
20.2020202020202,2,5.694295024274821,1.9935893383756889,19.32587929212527,6.999219888407832,0,0
40.4040404040404,2,5.699573602457758,1.9926130785519076,20.21549694586101,6.914390460647467,0,0
60.6060606060606,2,5.042138365882593,2.0780816225655196,20.02584651280636,6.965281117648882,0,0
80.8080808080808,2,5.811189196705063,1.9702911176169682,20.44933809884848,7.0599748138166465,0,0
101.01010101010101,2,5.8119919961662045,2.141918693949851,19.735207432577027,7.163231996965482,0,0
121.2121212121212,2,5.239631346912431,2.110147457977419,19.377227776526514,7.14723246842951,0,0
141.4141414141414,2,5.220003081316108,1.8035375209788036,19.26806025048368,6.886900109816156,0,0
161.6161616161616,2,4.682206464136174,2.05651033631865,20.61086803286458,7.110017111257972,1,0
181.8181818181818,2,5.116176186815406,1.8512993558890383,19.00799828713899,7.108372051492131,0,0
202.02020202020202,2,4.611368070619828,1.9897947353881038,18.825968456796627,7.115817578583025,1,0
222.2222222222222,2,3.977523798524824,2.062981362405987,20.04298862986499,7.040978969434367,1,0
242.4242424242424,2,4.09218357129785,1.892233026485629,19.82834995817998,7.240106744346016,1,0
262.6262626262626,2,3.8344181099055676,2.049886181715494,19.594560697630346,7.074275359587903,1,0
282.8282828282828,2,3.9914892286352224,1.8964691634864617,19.582864854142976,7.042048889018624,1,0
303.030303030303,2,4.522481750252691,2.0032154950658225,19.509826752820274,7.190775103794018,1,0
323.2323232323232,2,3.8352431097139057,1.9764722992571493,20.16677285683828,7.251900536575101,1,0
343.4343434343434,2,3.686694274419192,1.9390537576307376,19.722163658240742,6.951931820112179,1,0
363.6363636363636,2,3.425919186715093,2.1305786903402906,20.682173363567205,7.162368941065219,1,0
383.83838383838383,2,4.159231792210194,2.0214657998194823,21.399129911044184,7.30352974352484,1,0
404.04040404040404,2,4.126813721366757,1.8904358952639169,19.056466346687778,7.21534993180391,1,0
424.2424242424242,2,4.172692837345693,1.8386204592420714,19.536403064695303,7.089396138110578,1,0
444.4444444444444,2,5.154895124533338,2.0630808292399463,19.855703186158255,7.347197229878581,0,0
464.6464646464646,2,4.877632703028443,1.882084266878198,20.621251545451393,7.253842717224933,1,0
484.8484848484848,2,4.644955326758788,1.9417104057639702,19.421880380124186,7.061514261248238,1,0
505.050505050505,2,5.1888921902533784,2.1434654677013802,19.160405719906993,7.255028017968823,0,0
525.2525252525252,2,4.514427693176934,1.8948521568611332,19.56349254469713,7.110368034937096,1,0
545.4545454545454,2,4.393807613079162,1.8507865603147362,19.994917919706484,7.188887378891551,1,0
565.6565656565656,2,3.902207357987404,1.8327338730224176,19.571303841532398,7.265715396489316,1,0
585.8585858585858,2,3.7054068970804592,1.8146521339725323,19.90935565953118,7.260718006719856,1,0
606.060606060606,2,2.672844775593107,1.9549879385734186,19.52837762734364,7.237200956099906,1,0
626.2626262626262,2,2.629631006981816,1.7077540002837963,19.045918287874983,7.1786948043745324,1,0
646.4646464646464,2,2.694718634646726,1.7847671249127162,20.178985736205252,7.000691302295389,1,0
666.6666666666666,2,2.4194569494247826,1.7404413208929168,19.533771452915484,7.163783878536251,1,0
686.8686868686868,2,2.051830226828527,1.8088414062175828,20.362835911423787,7.092834585393161,1,0
707.070707070707,2,2.4632702391568837,1.7195134144780986,20.124591595774206,7.285478075409923,1,0
727.2727272727273,2,1.3928620616502565,1.7374390117373062,20.148225570406836,7.111173510732256,1,0
747.4747474747475,2,2.178261826578645,1.7408568183288688,19.902984400553017,7.1054711755636255,1,0
767.6767676767677,2,2.355746960594389,1.8103324926821485,20.028490837854164,7.068863386399278,1,0
787.8787878787879,2,1.8010824816236313,1.7248046444477045,20.056915578005714,7.056465960435759,1,0
808.0808080808081,2,1.9785610423474016,1.9583330524183369,20.29525185853241,7.054028591170806,1,0
828.2828282828282,2,2.198075597818148,1.692308584132709,18.840627239227636,6.97349615357979,1,0
848.4848484848484,2,1.2241655231763575,1.6799074147636894,19.868898696411343,7.229285534725544,1,0
868.6868686868686,2,1.8326831198694273,1.674740319254989,20.27439229740831,6.827585870896675,1,0
888.8888888888888,2,1.7559421187678068,1.7550075150892295,19.120396383926643,7.149911651426216,1,0
909.090909090909,2,1.7388647922522176,1.6173724137662653,20.176080439869708,7.249281293405265,1,0
929.2929292929292,2,1.6452980270674205,1.6644441044605136,19.630009057046443,6.923802644804246,1,0
949.4949494949494,2,1.7945862673906383,1.5345066038176467,19.89547262542626,6.947556579610597,1,0
969.6969696969696,2,1.6452141818562416,1.6337780780980138,20.378459478945516,6.930877130707843,1,0
989.8989898989898,2,1.3778431725442848,1.482668478434228,19.63754287677851,7.006247409217099,1,0
1010.10101010101,2,1.6444027829209364,1.4683298295458556,20.294492466869396,7.090862445016829,1,0
1030.3030303030303,2,1.5010177718097226,1.7281286274988736,19.472794907264777,6.817817117924772,1,0
1050.5050505050503,2,0.8041993031665416,1.6698901381328857,20.186872334993595,6.923969681656237,1,0
1070.7070707070707,2,1.383748388193314,1.3875403513575142,21.08256549662498,6.930015274316391,1,0
1090.9090909090908,2,1.2956013061971712,1.552469321891071,20.100194122684922,6.927422380263466,1,0
1111.111111111111,2,0.989717445153574,1.5068757191249014,20.80070175505408,7.027947282422068,1,0
1131.3131313131312,2,1.6699146077449847,1.3885092727885902,19.364887096687276,6.869681076585616,1,0
1151.5151515151515,2,1.1747677841963058,1.5290504877297575,19.013457191959155,7.024603004422183,1,0
1171.7171717171716,2,1.0777042407822663,1.3570749072488897,19.353637319186483,6.696132325229026,1,0
1191.919191919192,2,1.3400512604403487,1.3873901025877275,19.214709056946038,6.72270741681956,1,0
1212.121212121212,2,0.9612687365466749,1.5274515265815332,19.729893831134763,6.693168204157349,1,0
1232.3232323232323,2,0.9580706092084503,1.31399570555504,18.51124618534578,6.830029707600757,1,0
1252.5252525252524,2,0.9331674810539043,1.391866479980421,20.784167554289237,6.94083825074323,1,0
1272.7272727272727,2,0.89330599024016,1.1928611753773413,21.146369408441494,6.827604991934421,1,0
1292.9292929292928,2,0.9506796709764074,1.2826898977790875,19.958731887200493,6.801556813257707,1,0
1313.131313131313,2,0.7485916404342238,1.2123559222980322,19.843312871708566,6.756794182366316,1,0
1333.3333333333333,2,0.6850936302260587,1.2600044984750172,19.732200898106136,6.957535875472513,1,0
1353.5353535353534,2,0.09299925876275039,1.341240928524488,20.48273210306538,6.5966717148738265,1,0
1373.7373737373737,2,0.8021028118272254,1.1781122239196327,19.155933659457656,6.723991644558049,1,0
1393.9393939393938,2,0.6440350082875637,1.3741141990384895,20.327528703390296,6.927589953903573,1,0
1414.141414141414,2,1.3556685098301362,1.0701043175317155,19.59742937367668,6.84893765655287,1,0
1434.3434343434342,2,1.0398714079079265,1.2389490899477658,19.739526807737498,6.762990469055418,1,0
1454.5454545454545,2,1.9567004379808972,1.1972578146616637,19.679206423907026,6.917782331735289,1,0
1474.7474747474746,2,1.7258432951683296,1.2001739516033065,20.156240135800758,6.773169720262033,1,0
1494.949494949495,2,2.2992192263775904,0.9998078730307005,20.321703016420017,6.788797061982044,1,0
1515.151515151515,2,1.9647121504998784,1.2167712240034427,19.507517661545187,6.670477618674444,1,0
1535.3535353535353,2,1.3704887893340487,1.1600558975977968,19.219474830568423,6.99169490323035,1,0
1555.5555555555554,2,0.834740577822701,1.2573389358425104,19.965198240417873,6.8122690005004065,1,0
1575.7575757575758,2,0.9442167679103814,1.1165183005524812,19.840872155604142,6.9388024660040415,1,0
1595.9595959595958,2,0.8858426318557078,1.0812373484639999,19.677883400709636,6.830087211789609,1,0
1616.1616161616162,2,0.7895607530559888,0.8855008808460683,19.185596795763708,6.918162076430374,1,0
1636.3636363636363,2,0.6669651503807082,1.0291538146117383,19.868906473349263,6.887355618872385,1,0
1656.5656565656564,2,0.41205170494596366,0.9614946183672655,19.957612134365405,6.764190123421222,1,0
1676.7676767676767,2,0.6722002845120862,0.8615916164023022,20.374267325479387,6.9193425281031775,1,0
1696.9696969696968,2,0.6087200211131001,1.1234081057599923,20.692426729047853,6.9841550101323655,1,0
1717.171717171717,2,-0.035984499233148615,0.8912454399285891,19.547280217968726,6.896493968345579,1,0
1737.3737373737372,2,0.6567910980078142,0.9414776721314766,19.953072889055104,6.8299944466537035,1,0
1757.5757575757575,2,0.30375578608734277,0.8690280561443107,19.398072883761113,6.782440373272194,1,0
1777.7777777777776,2,0.18058696627453907,1.1115007666347287,19.384990062400593,7.1932966110551675,1,0
1797.979797979798,2,0.6078784317111536,1.0218687361600916,19.430510616725957,7.012856006495705,1,0
1818.181818181818,2,0.2741091386998392,1.0136452488590741,21.139731775950963,6.946244815116522,1,0
1838.3838383838383,2,0.7788721005331304,0.929999543263975,19.842195261568083,7.146156782220815,1,0
1858.5858585858584,2,0.2336511827617959,1.1812505744315853,20.213565474544303,6.926196128983394,1,0
1878.7878787878788,2,0.59946611266003,1.0977658193199313,20.170594487925165,6.838866008753502,1,0
1898.9898989898988,2,0.17994642886055326,0.9770784656659321,19.82247279226654,7.071420002066196,1,0
1919.1919191919192,2,0.44007326321795637,0.8704289928370098,20.049788432319545,7.083833282468834,1,0
1939.3939393939393,2,0.5436976363682088,1.114984263591159,20.276650584091016,7.082011394394827,1,0
1959.5959595959594,2,0.3440213207234244,0.8445577194863043,20.074498616382858,7.070017223434299,1,0
1979.7979797979797,2,0.436159306723692,0.8875253194229233,19.319161236612434,7.1674955664647575,1,0
2000.0,2,0.33272916944870756,1.088687932405693,19.873848694881797,7.077805860063819,1,0
0.0,3,6.281485141820576,1.94714302048029,19.5945475225989,6.953772471129496,0,0
20.2020202020202,3,5.698965797488899,1.968851882659681,19.657554019945266,6.965582974743614,0,0
40.4040404040404,3,6.040211750616245,1.9105142111827584,19.45305131204773,6.982881564003836,0,0
60.6060606060606,3,5.9364659824094,2.0190201741519265,20.062409403862727,6.89157373400084,0,0
80.8080808080808,3,5.425958683809084,2.0869024359381068,19.58762912876612,7.15977100318217,0,0
101.01010101010101,3,5.038581083671497,2.136635991580205,20.695936195938035,7.029791045826081,0,0
121.2121212121212,3,4.912367805616656,2.137992470955552,20.336273206993766,7.026341319714339,1,0
141.4141414141414,3,4.7764196901324745,1.9606241964119153,18.87426187861127,6.998958132943747,1,0
161.6161616161616,3,4.461786284443921,1.9073736796613454,19.529144690435018,7.126029106469646,1,0
181.8181818181818,3,5.092741670988241,1.8788785445494518,20.0386483333667,7.092527936959242,0,0
202.02020202020202,3,4.481309323042306,2.0399750225512716,18.98512612334726,7.1629705571527085,1,0
222.2222222222222,3,4.418800311140197,2.014746090819738,19.69107145608232,7.380496962058192,1,0
242.4242424242424,3,4.055021651223464,1.9046493393466115,19.234916870916027,7.089044800379867,1,0
262.6262626262626,3,3.9389197856142752,2.068151590927715,20.256739258123336,7.096488013439189,1,0
282.8282828282828,3,3.7738916646903213,1.9871591017416508,19.270375611987923,7.22512986005306,1,0
303.030303030303,3,3.993941116633164,1.778492517909625,20.32023973479344,7.348964880030149,1,0
323.2323232323232,3,3.685104917475839,1.880644173779848,19.689419829490863,7.209595444569072,1,0
343.4343434343434,3,4.043407900504199,2.109097588931186,19.458013520381385,7.102294212131892,1,0
363.6363636363636,3,3.4666807369703005,1.8229808465579043,19.52992364769151,7.366728331372636,1,0
383.83838383838383,3,3.8309813135826123,1.905802863964053,19.53827568609203,7.310411579726191,1,0
404.04040404040404,3,4.923268726573073,1.8170615602952516,19.301767412869296,7.299419655924095,1,0
424.2424242424242,3,4.604165507818878,2.0409393588273925,19.838451226791392,7.161621729393311,1,0
444.4444444444444,3,4.825949083219261,1.9526776483800106,19.95672822472709,7.249930219100308,1,0
464.6464646464646,3,5.174424617610904,1.9437175935595867,20.237566629647173,7.264822701615432,0,0
484.8484848484848,3,4.905993748961669,1.8259067428737188,20.14974161738259,7.1181006672459475,1,0
505.050505050505,3,5.021640918655756,1.7558408142889292,19.560859545595818,7.326576280560496,0,0
525.2525252525252,3,4.766950184319453,1.7832758684787056,18.866559063638448,7.271392468507799,1,0
545.4545454545454,3,4.572896379038037,1.9779604026895792,19.39259801665191,7.215826222602859,1,0
565.6565656565656,3,4.048706877160553,1.9019559176464214,19.498839367934934,7.218078426483775,1,0
585.8585858585858,3,3.737500693708107,1.7450485450430018,19.323270326853144,7.204988293672508,1,0
606.060606060606,3,3.49575588488745,1.6055436213680778,19.612971971201848,7.110129007746673,1,0
626.2626262626262,3,3.2171227426220237,1.5373441498770752,19.267026210492613,7.211607497214847,1,0
646.4646464646464,3,3.0864590929005833,1.6642459233904556,19.26888737078181,7.354959015466344,1,0
666.6666666666666,3,2.0048767188941046,1.43181963802192,19.766494359155075,7.108838588969349,1,0
686.8686868686868,3,2.0035843912744986,1.7031675477078014,19.66838749101401,7.094115909271803,1,0
707.070707070707,3,1.828471285936073,1.6999933044444502,19.87158772310774,7.131403626966195,1,0
727.2727272727273,3,2.688346510502743,1.4859707297740719,18.78372454866604,7.062287242348431,1,0
747.4747474747475,3,2.053242259660603,1.59739301947984,19.425869105200245,7.156244438754263,1,0
767.6767676767677,3,1.6299505148393132,1.6973961513686624,19.505411544932123,7.221780666170337,1,0
787.8787878787879,3,2.0501819527586904,1.5785690871359637,19.831370774244512,7.143335264519516,1,0
808.0808080808081,3,2.084445413238741,1.645629401170839,19.644747718979144,7.157531320146442,1,0
828.2828282828282,3,1.8107907128827967,1.6365254997880287,19.208290983098774,7.2543988279626115,1,0
848.4848484848484,3,1.7733557142908114,1.329248117610092,19.610539341583802,6.993536637750528,1,0
868.6868686868686,3,1.986797972436796,1.386920251363213,19.32339541752102,6.8597453287029095,1,0
888.8888888888888,3,1.5495658555605138,1.1897297886617888,18.754535722385548,7.111577712719953,1,0
909.090909090909,3,1.8730559175991428,1.4547093513618774,19.0629990625638,7.017440872010628,1,0
929.2929292929292,3,1.5896573888227015,1.2765163723601949,20.298186285011983,7.096523310808292,1,0
949.4949494949494,3,1.4791962702784656,1.3754063799008487,19.650678538102184,6.79114883744468,1,0
969.6969696969696,3,1.427367019376145,1.285092084135012,19.04567712918095,6.953768741304723,1,0
989.8989898989898,3,1.9981116111871529,1.3981869766755755,19.26089763923701,7.02577563804823,1,0
1010.10101010101,3,1.8371128289031315,1.4076490287279522,19.576302319088494,6.890604981365777,1,0
1030.3030303030303,3,1.5864542949266893,1.3359188347353401,19.994083744142277,7.005799768424111,1,0
1050.5050505050503,3,1.6526811924336258,1.2247634618587973,20.20518416694557,6.949288109216522,1,0
1070.7070707070707,3,1.9223360620849475,1.1914467822941595,20.414469035711033,6.936884234465134,1,0
1090.9090909090908,3,1.0673574667313688,1.194446708546763,19.386313480031248,6.947450572475744,1,0
1111.111111111111,3,1.3837104281978174,1.1683547802075394,19.534309837997917,7.107632313667756,1,0
1131.3131313131312,3,1.710221570783379,1.2526943258968195,19.56548887321251,6.894262901267407,1,0
1151.5151515151515,3,1.3421057023288223,1.0905947685471749,19.417798865416735,6.7047895650883635,1,0
1171.7171717171716,3,1.244873547137547,1.2419069959727633,19.304893902978723,7.019016668744606,1,0
1191.919191919192,3,0.7253703863510719,1.0155902064313764,19.658713043408394,6.956925124287137,1,0
1212.121212121212,3,1.567182453771074,1.1015312207808101,20.085827550844055,6.839631652519088,1,0
1232.3232323232323,3,0.9800053384519878,1.2217530977930198,19.87264857333512,6.677819978554114,1,0
1252.5252525252524,3,1.4454099450342766,1.25796210561759,19.233705783373644,6.867762101132195,1,0
1272.7272727272727,3,1.1221816532914308,1.133206550184103,19.271334557205698,6.754520811739167,1,0
1292.9292929292928,3,0.9388346621050899,1.212239531671024,19.818287211425623,6.778931421241491,1,0
1313.131313131313,3,1.1521998556927981,0.7986009453800634,20.12086998431446,6.637165281601883,1,0
1333.3333333333333,3,0.7902150826082683,0.960656706917966,18.899146396267955,6.923219255352096,1,0
1353.5353535353534,3,0.7479798408870866,1.0971401646206864,19.523026844688818,6.851714820836953,1,0
1373.7373737373737,3,0.9279556573694067,0.9247707664621453,20.04462054385198,6.7523976550010065,1,0
1393.9393939393938,3,0.510233192329387,1.0015681931681337,20.296867029445565,6.885456618615507,1,0
1414.141414141414,3,1.034571250294808,1.0015073520010596,19.385669608519716,7.007674998786163,1,0
1434.3434343434342,3,1.5210903862449763,1.0722473640354984,20.061628861144328,6.824351465713029,1,0
1454.5454545454545,3,1.6656998037736388,1.003186690862298,19.510686504421376,6.798127127747881,1,0
1474.7474747474746,3,2.2684511565393928,1.022373622001179,19.912807172736198,6.796052706182574,1,0
1494.949494949495,3,2.2249698767997823,0.8125044140964202,20.00465097147965,6.841936123216142,1,0
1515.151515151515,3,2.420932089613486,0.718640409249579,20.590674486518772,6.797364785495282,1,0
1535.3535353535353,3,2.1699323864124747,0.9010194588688634,19.852874086659693,6.710873928714547,1,0
1555.5555555555554,3,1.272188711979076,1.1939652459560381,19.451145933746737,6.843683599005418,1,0
1575.7575757575758,3,1.3687128131596926,1.0504943085170264,19.621696586700196,6.864968378049012,1,0
1595.9595959595958,3,1.5725990128285785,0.9943428696989136,19.64703665748589,6.940847213762476,1,0
1616.1616161616162,3,1.0288780022757662,1.1188023708664516,19.865852245143,6.729535175755054,1,0
1636.3636363636363,3,1.1057349786326545,0.8862753619713906,19.697804866747926,6.777169863334281,1,0
1656.5656565656564,3,0.5547381050608743,1.035411350271346,19.707165741853544,6.9042194766062535,1,0
1676.7676767676767,3,1.0338378385153388,1.0503257415959046,19.424408816483083,6.968491496690709,1,0
1696.9696969696968,3,0.8887522474963296,0.8854567482116731,19.84518716905334,6.9528352778616425,1,0
1717.171717171717,3,0.4270087191583473,1.1498361483604582,19.471459340612146,6.906442508671651,1,0
1737.3737373737372,3,0.44957184458191646,1.0186674208104356,18.998349590680807,6.761527651629606,1,0
1757.5757575757575,3,0.9655626459524189,0.9380456351937031,19.050790959400256,6.702269822473456,1,0
1777.7777777777776,3,0.28166041786088825,0.8968440562805858,20.367494714196592,7.031040113505692,1,0
1797.979797979798,3,0.2534379578935697,1.2615764284934723,20.037369877624204,6.910341880203943,1,0
1818.181818181818,3,-0.3030212278909005,1.2733637449455875,18.85170090074661,6.791310930393298,1,0
1838.3838383838383,3,0.7408612322503196,1.2969252407431262,20.238623543383667,7.0254676306625,1,0
1858.5858585858584,3,0.6001676025977118,1.1477017722136527,19.92595142902179,7.010561948969759,1,0
1878.7878787878788,3,0.4410041221289365,1.0662254636148052,19.16950483969507,6.96782097305587,1,0
1898.9898989898988,3,-0.10979946265060181,1.073473191678075,19.05219158055295,6.8989938605895516,1,0
1919.1919191919192,3,0.4407312082840238,1.234009913846111,20.005645437129566,6.865724647578134,1,0
1939.3939393939393,3,0.07887206101779565,1.2010507125941576,19.055243437359255,7.01363007147228,1,0
1959.5959595959594,3,0.5300866638683841,1.02294457990719,19.59917488720139,6.915845905226167,1,0
1979.7979797979797,3,0.1742753623797159,1.165183271570321,18.749990267362573,7.106227754927507,1,0
2000.0,3,0.3387043759276997,1.2024788326565188,19.65844420116074,7.211244289111629,1,0
0.0,4,6.037567350822148,1.9117081593003153,17.3475118846952,7.054329802903639,0,0
20.2020202020202,4,5.843972686816305,1.9499321094784028,16.935367289275682,6.947167745154867,0,0
40.4040404040404,4,5.2427033314042815,2.1113270590905278,16.664431515483415,6.957564150051663,0,0
60.6060606060606,4,5.286850437432521,2.0156459966642815,17.138888294033045,7.16490397857191,0,0
80.8080808080808,4,5.143796416775145,1.9431415541032686,16.86868960654918,7.267737878452974,0,0
101.01010101010101,4,4.837488092992754,1.934635002851981,17.603251573645107,7.107454811615196,1,0
121.2121212121212,4,4.990432264373575,1.8784227874902275,17.308268869168614,7.063927122266818,1,0
141.4141414141414,4,5.191639470299704,2.099570207038762,17.007617240675142,6.953843029634259,0,0
161.6161616161616,4,4.736543899964165,2.122984048753655,16.884525849194194,7.266519313760401,1,0
181.8181818181818,4,5.130901767366951,1.7955537010097111,17.570854672771695,7.276766483694646,0,0
202.02020202020202,4,4.3824101136417895,1.8158811173371379,16.995522676204736,7.0232539094650175,1,0
222.2222222222222,4,4.174081385156478,1.6986229236351873,17.30340486730867,7.057969624961238,1,0
242.4242424242424,4,4.3164794200360825,1.649681198112502,17.451803249286286,7.227945408456785,1,0
262.6262626262626,4,3.5320152310347943,1.8264319495380437,17.900197629415704,7.032598540945017,1,0
282.8282828282828,4,4.525370052672901,1.814211955979796,16.933857205299855,7.156259770511738,1,0
303.030303030303,4,4.100562284134291,1.7627498746633556,17.555741129402243,7.07730975341266,1,0
323.2323232323232,4,3.919749771831978,1.59620069513126,17.230750102504707,7.085759001423892,1,0
343.4343434343434,4,3.6251856359254204,1.843216491085951,17.832018193476195,7.243037748676455,1,0
363.6363636363636,4,3.5527826759728853,1.6696429003652677,17.892911983168652,7.201444236384847,1,0
383.83838383838383,4,4.682063565287972,1.721963552750464,17.382387691424075,7.160660605961132,1,0
404.04040404040404,4,4.205251270245671,1.6484347053131203,17.640417471523353,7.290673799896646,1,0
424.2424242424242,4,4.163801222778599,1.511341141940312,16.36826044662741,7.248350071163271,1,0
444.4444444444444,4,4.3177426521594064,1.409722322186433,17.48065243544454,7.448502767732857,1,0
464.6464646464646,4,4.852600937272189,1.6892033514837606,17.32727781245284,7.190062747537353,1,0
484.8484848484848,4,5.231852117953055,1.5564977461448273,17.42005929021501,7.231964014964273,0,0
505.050505050505,4,4.710611789900971,1.6647607623015126,17.198883254831355,7.123156578350481,1,0
525.2525252525252,4,4.870573416984603,1.4556340503665754,17.30045371186362,7.195855212240657,1,0
545.4545454545454,4,4.705019794445188,1.5728007562611344,17.273849653806487,7.275687819756493,1,0
565.6565656565656,4,4.390954036752521,1.5609207012554533,17.29153944310075,7.058992650671725,1,0
585.8585858585858,4,8.885173354426106,1.454417548530503,16.98160703209942,7.166882164084132,1,1
606.060606060606,4,3.1906613373986508,1.5177342246183827,17.251113744149514,7.228791253623211,1,0
626.2626262626262,4,2.877951078387607,1.2471007356834507,16.816695436269683,7.159477554136233,1,0
646.4646464646464,4,2.253893461277949,1.484613058546034,18.051738549350908,7.2887194936920165,1,0
666.6666666666666,4,2.3752480277399153,1.5537886322472527,17.360696861780113,7.125335414292806,1,0
686.8686868686868,4,2.1259334373514305,1.3547204115809095,17.092274723908446,7.167565394583025,1,0
707.070707070707,4,2.2607347998523006,1.365711107563621,17.504832218052233,7.260385840822767,1,0
727.2727272727273,4,2.4192216523208403,1.1975755261924845,16.00940256572808,7.2249100404604825,1,0
747.4747474747475,4,1.6568544550426259,1.3044988624318743,16.701306620149378,6.940840855344831,1,0
767.6767676767677,4,2.1678511605578827,1.3840834201272085,16.9981079328157,6.850946853797034,1,0
787.8787878787879,4,1.7834910143696345,1.3288539268155914,16.546907348791994,7.1169004004957,1,0
808.0808080808081,4,1.8870356305265792,1.3294516068311095,17.346153317386136,6.989324050299436,1,0
828.2828282828282,4,2.196682871668312,1.2378913659258068,17.27271086342409,6.98097798876421,1,0
848.4848484848484,4,1.6524184241266613,1.1478878725599553,17.199890103217346,7.2328126515122495,1,0
868.6868686868686,4,1.3230345648607718,1.0580661418047252,18.021948296925864,7.027767034082276,1,0
888.8888888888888,4,1.484535929737262,1.3069248649853957,16.983555363310625,7.218137218460217,1,0
909.090909090909,4,1.8406936314056739,1.1381402596966674,18.36501723981181,6.961640515324492,1,0
929.2929292929292,4,1.813366762152664,1.2013686735497682,17.937233777878458,7.164938201423411,1,0
949.4949494949494,4,1.5550867671470947,1.0811419412205523,17.516349204648616,6.927550787311898,1,0
969.6969696969696,4,2.1055364083903108,1.1557422834936786,17.103702357523005,7.000346801179809,1,0
989.8989898989898,4,1.0546677662733872,1.0311165744587985,17.88657008715127,6.902827932015474,1,0
1010.10101010101,4,1.103232903122749,1.1687392301129909,17.87921521051056,7.02719399020284,1,0
1030.3030303030303,4,1.6758016065843573,1.0268187236371826,16.575457799808138,7.092415953451463,1,0
1050.5050505050503,4,1.2410114261851846,1.0654880364699917,17.95046020410359,6.985151149687348,1,0
1070.7070707070707,4,1.43652413192185,1.295812974059673,16.964604017988986,7.009877168926992,1,0
1090.9090909090908,4,1.2798868052848287,1.095600041752359,18.050597346385324,6.955817553464515,1,0
1111.111111111111,4,1.3883486055020575,1.1661235509139392,17.103886768407616,6.809484311072669,1,0
1131.3131313131312,4,0.8785158615468555,0.8530891977625124,18.314466698149218,6.771938932023412,1,0
1151.5151515151515,4,1.0916742234339658,1.0136305343189114,17.44006648208361,6.953221693730052,1,0
1171.7171717171716,4,1.3832486568638869,0.9753398283771896,17.20280227628585,6.889875987464433,1,0
1191.919191919192,4,1.01849274739671,1.187479048232122,17.531850608998184,6.9257030726309035,1,0
1212.121212121212,4,1.260868526933937,1.1379612728988666,17.37687391253091,6.713799304673574,1,0
1232.3232323232323,4,1.1516999139600261,0.9501300791813986,17.02205479230418,6.894095596128048,1,0
1252.5252525252524,4,1.3739327615465986,1.0128360220780988,17.440779639478542,6.998403242251978,1,0
1272.7272727272727,4,1.0461985512531795,1.2671189241725749,17.56911795599483,6.64560687261739,1,0
1292.9292929292928,4,1.1725033697338831,1.0421129865593943,17.931239510220433,6.883310989577097,1,0
1313.131313131313,4,0.8791534473031626,0.8794234675605851,17.181851504536045,6.726084614058762,1,0
1333.3333333333333,4,0.7247903300877913,1.0593803818930967,18.121315385354762,6.846603729596542,1,0
1353.5353535353534,4,0.5295252826700987,1.0444673378131082,17.884678876501884,6.743032447682703,1,0
1373.7373737373737,4,0.8647039400494547,1.0017765406667019,16.89391397663794,6.866601356701524,1,0
1393.9393939393938,4,0.9409233173449778,1.043377245709177,16.842617044278008,6.756688614371816,1,0
1414.141414141414,4,1.355881297965497,0.9660707740916767,18.149845058795762,6.7600365818686186,1,0
1434.3434343434342,4,1.473915168301076,1.0993539179143084,16.577180266712542,6.6243916686123,1,0
1454.5454545454545,4,1.2857155531488214,1.1359001743184185,17.010434060232836,7.0576692799656895,1,0
1474.7474747474746,4,1.8808880138510822,1.032444217840287,18.057418109462997,7.004733653009345,1,0
1494.949494949495,4,2.8198303926958745,1.1399663324394669,17.798394396084788,6.866539970546461,1,0
1515.151515151515,4,2.3550373795055815,0.9699366670674551,16.877263691467906,6.810986302569704,1,0
1535.3535353535353,4,1.7864221546337413,0.9864331985177114,17.634556856907416,6.911746005888964,1,0
1555.5555555555554,4,1.4858414660753718,1.186974074316257,16.715518576112306,6.802574365759474,1,0
1575.7575757575758,4,0.8926457977722249,0.8607845803176257,17.24502279025771,6.816297526964061,1,0
1595.9595959595958,4,1.3056092602297351,1.1194752867448978,16.774269721014456,7.0211910307951335,1,0
1616.1616161616162,4,1.063530331045977,1.1242838469929821,17.173121083754143,6.747891743355755,1,0
1636.3636363636363,4,0.5040434861210098,1.1853371788139484,18.228656286146364,7.006921801163436,1,0
1656.5656565656564,4,0.42732478250288985,0.9755801391980032,17.35680625663466,6.68518346462644,1,0
1676.7676767676767,4,0.6466747720531791,1.0845344302856479,17.053344882244936,6.712612473135194,1,0
1696.9696969696968,4,0.6859911327898525,1.0584314683556002,16.701404715323914,6.595491782302387,1,0
1717.171717171717,4,0.508023298651154,1.301967381131146,18.116992740452993,6.848175237665869,1,0
1737.3737373737372,4,0.32082977375854316,1.1852728361300509,16.787170413584914,6.935711929870982,1,0
1757.5757575757575,4,0.7170352105003344,1.2753321562707882,17.236286094939082,6.897241458816131,1,0
1777.7777777777776,4,0.20995416614077056,1.0847612071066028,17.173123687228294,6.966794955253047,1,0
1797.979797979798,4,0.7339584493168616,1.1024845668363266,18.03270741765882,6.915712658450549,1,0
1818.181818181818,4,0.44039029826664056,1.1239522636353163,16.07424300304259,7.044255344725093,1,0
1838.3838383838383,4,0.6551432717751576,1.1869034901170947,17.319858491791493,7.0206706404276735,1,0
1858.5858585858584,4,-0.04702245696783669,1.1789589285668107,17.68349547298997,6.8570138642558955,1,0
1878.7878787878788,4,0.4978111705933625,1.1134716348407039,17.51957812439582,6.9923243325127995,1,0
1898.9898989898988,4,-0.08645196316363901,1.383278856224053,16.919067344780036,6.9283275486096905,1,0
1919.1919191919192,4,0.4469337221072631,1.3997243972245998,16.77845222368986,7.028942692925249,1,0
1939.3939393939393,4,0.5044054520880688,1.372578128795307,17.37458391081767,6.9993906025636505,1,0
1959.5959595959594,4,0.1167939679664026,1.3306099815075743,16.750293627186256,6.757113406368527,1,0
1979.7979797979797,4,0.4856535968123803,1.4314076527033102,16.10489691540814,6.961207210660473,1,0
2000.0,4,0.5303419939072633,1.566041797871707,17.296759987016763,7.0020299519913305,1,0
0.0,5,5.945131067696324,1.9367237139667968,13.724178096060305,6.920080799334975,0,0
20.2020202020202,5,5.6844916090639845,1.6874786787215437,14.108495343619971,7.175925682756918,0,0
40.4040404040404,5,5.760408694878998,1.7406900336198456,13.9012545511648,6.870535588961588,0,0
60.6060606060606,5,5.7673055502474275,1.7408214478768511,13.95692022882726,7.359440528089023,0,0
80.8080808080808,5,5.435469476558012,1.6557000569474092,13.8339813875198,7.168067536595311,0,0
101.01010101010101,5,5.227748741862937,1.568948502665212,14.506774652910176,6.9992604933161475,0,0
121.2121212121212,5,5.608007894902151,1.8023309384261155,13.823499237793198,7.206728958603177,0,0
141.4141414141414,5,4.922832388419453,1.760836139095865,14.28952659426981,7.006187662093079,1,0
161.6161616161616,5,4.569963564774302,1.7595009347362582,13.879772519569302,7.062242786891795,1,0
181.8181818181818,5,4.341054749339213,1.67955538363068,15.078422645244146,7.007173529956366,1,0
202.02020202020202,5,4.503414272939863,1.758884217411809,14.007339489999715,7.1699667621592775,1,0
222.2222222222222,5,4.050146590232216,1.6407675006308895,13.9535880531203,7.233539947635089,1,0
242.4242424242424,5,4.6025594619682835,1.8370079254137388,14.336976772229361,7.177172143954109,1,0
262.6262626262626,5,4.188451214279431,1.5227223014471507,14.216402107353419,7.124022501800234,1,0
282.8282828282828,5,4.074136629502474,1.66969131892441,13.543888902982752,7.275824534390414,1,0
303.030303030303,5,4.328198730579734,1.5059554329557907,12.986232736118275,7.108594914011153,1,0
323.2323232323232,5,8.963245100447203,1.4952772069696034,13.547509069475117,7.125672273447549,1,1
343.4343434343434,5,4.098030626653716,1.532043073738777,13.927694136037726,7.145441495404269,1,0
363.6363636363636,5,3.762949060661512,1.3649713407935686,14.854848030357294,7.155040498099723,1,0
383.83838383838383,5,4.351412259541113,1.5892564475035844,14.546315634696553,7.148410221109577,1,0
404.04040404040404,5,4.2863080259119695,1.4147203936222552,13.59530925525751,7.227439496389348,1,0
424.2424242424242,5,4.045886123583043,1.516058254561074,13.814851536973377,7.217666904059301,1,0
444.4444444444444,5,4.733738995475411,1.3517178291601697,14.34050708636021,7.1517124503273255,1,0
464.6464646464646,5,5.115811399971331,1.2235281448940893,14.11034997539578,7.393844612762296,0,0
484.8484848484848,5,4.656029775675052,1.2711009779508742,14.30411411045203,7.217752412538632,1,0
505.050505050505,5,5.016227955775953,1.368806547930244,14.364520919903459,7.309701078495388,0,0
525.2525252525252,5,4.832566060992035,1.2770684200423854,14.383447036223938,7.386755305394599,1,0
545.4545454545454,5,4.339461000780942,1.185372109281184,14.60070052026606,7.181873073441105,1,0
565.6565656565656,5,3.322090908243116,1.3495525486653817,13.779496092645612,7.181122945676325,1,0
585.8585858585858,5,3.654725839963849,1.2662295817748113,14.401886094192093,7.142030657325693,1,0
606.060606060606,5,3.3275980993823433,1.2040068486032742,14.416565426066324,7.241677837641896,1,0
626.2626262626262,5,2.5779771433311924,1.3217824047497564,13.779178463065548,7.254692089536509,1,0
646.4646464646464,5,2.7269880781506832,1.3806933968157593,13.935427194436647,7.131911628910466,1,0
666.6666666666666,5,2.433455007252658,1.1507426669581469,14.447131136593597,6.9974129505609515,1,0
686.8686868686868,5,1.9938495106698062,1.0589865625462922,14.522313981609361,7.321585109603669,1,0
707.070707070707,5,2.1812278399761,1.1341364487151262,14.082186267179164,7.257509043604952,1,0
727.2727272727273,5,1.856149471431271,1.1606769155217114,14.534759000513787,7.181587466330539,1,0
747.4747474747475,5,2.1237925495468755,1.2233587958335674,12.695544039122954,7.188826431055924,1,0
767.6767676767677,5,1.8091896371582195,0.9272200150022105,14.302761485385064,7.247416937527821,1,0
787.8787878787879,5,1.9061297944570719,1.1932359982103922,14.853299314616896,7.230055853876189,1,0
808.0808080808081,5,2.3836179440898957,1.1604827856824622,14.08487700507337,6.926434363197874,1,0
828.2828282828282,5,1.7638926747299801,0.9909421868229451,15.13263154437148,7.056716203428296,1,0
848.4848484848484,5,1.82236454151946,1.1201054705477982,14.0689614088088,7.231146907541091,1,0
868.6868686868686,5,1.5478100992198431,1.0748178703712765,13.67592489277355,6.916697150675392,1,0
888.8888888888888,5,1.5017270240636513,1.0427794117862108,13.832509073363942,6.966294149118138,1,0
909.090909090909,5,1.2154206309023432,1.0300387603801915,13.294799998607072,7.098217603993786,1,0
929.2929292929292,5,1.6154700764302228,0.8852139298266464,13.892555647097641,6.933571441191667,1,0
949.4949494949494,5,1.6412378755531187,1.1583994689832047,13.109573950799701,7.006824932201851,1,0
969.6969696969696,5,1.4534803954623319,1.0856501559779326,14.153758499741418,6.906681837419436,1,0
989.8989898989898,5,1.3630894724323106,0.9338611955589796,14.585163754921872,6.970648524779808,1,0
1010.10101010101,5,1.987663403653233,1.0031394885177418,13.692956802167341,6.803927219875051,1,0
1030.3030303030303,5,0.8360453979658289,0.8473348705387785,14.180723511128315,6.993155090578907,1,0
1050.5050505050503,5,0.8634581672281852,1.0926019403768576,13.805629659780854,6.9442074499458375,1,0
1070.7070707070707,5,1.783423988773995,1.0909427599570696,13.912894861669656,6.82797393357734,1,0
1090.9090909090908,5,0.6172382474169119,0.9283182933111556,13.941595066208725,6.806316025120434,1,0
1111.111111111111,5,1.187482691659476,1.0077093612623558,13.934732194718533,6.828405019724224,1,0
1131.3131313131312,5,1.2425550213431837,1.044824878402185,13.50196064690115,7.023353006570208,1,0
1151.5151515151515,5,1.1284738708244189,1.0039375187685153,14.401267397250852,6.894969585602472,1,0
1171.7171717171716,5,1.4110476005299368,1.0329994979124768,13.740941498302353,6.897768344936213,1,0
1191.919191919192,5,0.7499822230555757,1.0181867114421934,14.030545190300343,6.831403608298668,1,0
1212.121212121212,5,1.023442892902034,0.8229936622839777,13.772797731752092,6.85276698958327,1,0
1232.3232323232323,5,1.0797504460334537,0.91305676453792,14.680014106054923,6.748841709431089,1,0
1252.5252525252524,5,1.2932850002745289,1.0639797294120132,13.724046530700672,7.005712837049406,1,0
1272.7272727272727,5,0.6158815478796651,1.1193931549645808,14.547451344644063,6.754621127625307,1,0
1292.9292929292928,5,1.364240473421822,1.0094618117936554,14.191507000262503,6.842025038327224,1,0
1313.131313131313,5,0.8803976200571303,1.123295890042593,14.443904545898679,6.636283462155874,1,0
1333.3333333333333,5,1.290249437892654,0.8844616894560675,14.563433287793401,6.919807090297002,1,0
1353.5353535353534,5,0.5610002722160945,1.0188586436235134,13.494307851379606,6.782518635085768,1,0
1373.7373737373737,5,0.8124988047956077,1.1478536039627338,14.702314558682378,6.941341694396133,1,0
1393.9393939393938,5,0.8085573539538217,1.0596148989208536,13.205441089512098,6.719847437754538,1,0
1414.141414141414,5,1.428622380546403,1.2534295785944518,13.429985749682611,6.740753774514789,1,0
1434.3434343434342,5,1.398588023487832,1.1318877960232336,13.642358425661751,6.842878654256786,1,0
1454.5454545454545,5,1.601260643398575,1.1150734231128783,14.320302309624424,6.802491578379958,1,0
1474.7474747474746,5,1.9192465262903282,1.1188305828262395,14.002978706019906,6.76712326120522,1,0
1494.949494949495,5,2.1237405009048245,1.3035334713425735,14.327619909593192,6.777739243823427,1,0
1515.151515151515,5,2.330615378008811,1.1247456231998614,14.633722504415895,6.848287967530609,1,0
1535.3535353535353,5,1.8052868981899513,1.2179161088361101,13.261722109588323,6.703538738140932,1,0
1555.5555555555554,5,1.101141898268101,1.2029890845472084,14.913417685365118,7.04507032630671,1,0
1575.7575757575758,5,1.2991078243852936,1.2548377138199374,13.146631318546204,6.774204897828987,1,0
1595.9595959595958,5,0.6152392116846241,1.1592089184901997,13.96308827633018,6.788572716392002,1,0
1616.1616161616162,5,0.10343027927563486,1.3130800383262535,13.51078867275267,6.867760353439217,1,0
1636.3636363636363,5,1.2379303198673177,1.1637730694849622,12.782016424249408,6.823997026148207,1,0
1656.5656565656564,5,0.9042674995383434,1.4693675333720224,13.432385388396364,6.9116973235063766,1,0
1676.7676767676767,5,0.4101313207637287,1.2811288661958775,15.36933185913109,6.721785747022358,1,0
1696.9696969696968,5,0.6080329992673095,1.3570238944681765,14.590053348092248,6.892516318977642,1,0
1717.171717171717,5,0.6086929320175756,1.2899303109149995,14.181723656245127,6.859565635774755,1,0
1737.3737373737372,5,0.6879649588238925,1.311253686293471,14.235710382573666,6.902606458520538,1,0
1757.5757575757575,5,0.8250262022165777,1.3624426534901193,13.160643951519132,7.043800983905227,1,0
1777.7777777777776,5,0.2016292519089532,1.3217888390814991,13.749329538600827,7.067502213888511,1,0
1797.979797979798,5,-0.1808192027467218,1.7207079491923782,14.5751885901556,6.965148909967722,1,0
1818.181818181818,5,0.43033228638628546,1.4554080359874537,14.307721399812243,7.020372363683993,1,0
1838.3838383838383,5,0.6007714424484621,1.4558496251536093,13.94849097546891,6.953949390291912,1,0
1858.5858585858584,5,5.394587627705229,1.5803941822624525,14.343938546763004,6.688403943106393,1,1
1878.7878787878788,5,0.606514023902302,1.5066702442905895,14.037805807399625,6.957036635433659,1,0
1898.9898989898988,5,0.7353213976038179,1.6021496217675828,13.66072135171077,7.050058021023582,1,0
1919.1919191919192,5,0.09526594257559445,1.389623435993058,13.733801573327591,7.109014055178728,1,0
1939.3939393939393,5,0.6616980156017229,1.5990370449725193,14.409708079046572,7.087711215183479,1,0
1959.5959595959594,5,0.17262655559413284,1.6109861023843552,14.447364948236414,7.1246775876993444,1,0
1979.7979797979797,5,0.7113596670074729,1.6585789201061545,14.222884289393365,7.16919530496311,1,0
2000.0,5,0.33663933783098604,1.519372528921136,13.965626703650692,7.000339981633599,1,0
